DATE,TITLE,STOCKS,VOTES,LINK,NOTES,
4/4/24,"$BYND will soar, hear me out",BYND,0,https://www.reddit.com/r/wallstreetbets/comments/1bw7c9v/bynd_will_soar_hear_me_out/,BYND pump,
4/5/24,$ECL Update: CID Lines - An Ecolab Company 🐣🐥🐤🐔🥚🚀🚀🚀,ECL,18,https://www.reddit.com/r/wallstreetbets/comments/1bx1cdq/ecl_update_cid_lines_an_ecolab_company/,Implying Bill Gates is manufacturing Birdflu because he's underwater on his stock.,
4/6/24,They just hit $52 week high and might have a bird flu outbreak.,CALM,688,https://www.reddit.com/r/wallstreetbets/comments/1bxckaf/they_just_hit_52_week_high_and_might_have_a_bird/,,
4/9/24,Looking For The Play For The Upcoming Milk Shortage,,29,https://www.reddit.com/r/wallstreetbets/comments/1bzzo5u/looking_for_the_play_for_the_upcoming_milk/,"There won't be a shortage of chicken, meat or eggs. Don't waste your time trying to find the play. MILK is the play.",
4/27/24,"Take a leap on GSK and AZN as fears mount over the next possible pandemic, H5N1 (Bird Flu)","GSK, AZN",8,https://www.reddit.com/r/wallstreetbets/comments/1cebsb7/take_a_leap_on_gsk_and_azn_as_fears_mount_over/,Links to StatNews Story about H5N1 in dairy supply,
5/4/24,H5N1 - is now the time to make a play?,,73,https://www.reddit.com/r/wallstreetbets/comments/1ck11k1/h5n1_is_now_the_time_to_make_a_play/,"Unless there is human-to-human transmission, I wouldn’t bet on it",
5/19/24,Bird flu - Potential Stock Winners Abcellera & Valneva,"ABCL, VALN",33,https://www.reddit.com/r/wallstreetbets/comments/1cvm3ey/bird_flu_potential_stock_winners_abcellera_valneva/,Looking for rare low cap stocks to hide out,
5/22/24,"Michigan reports a human case of H5N1 bird flu, the nation’s second linked to outbreak in dairy cows",,123,https://www.reddit.com/r/wallstreetbets/comments/1cy8vy7/michigan_reports_a_human_case_of_h5n1_bird_flu/,More of same news cycle about Michigan.,
5/24/24,$PFE: Second US Human Bird Flu Infection Reported in Michigan,"MRNA, PFE",58,https://www.reddit.com/r/wallstreetbets/comments/1czx1hg/pfe_second_us_human_bird_flu_infection_reported/,Bullish on vaccine stockpile news/Michigan infection,
5/26/24,Moderna $MRNA is overvalued and the current valuation presents a generational short opportunity. Sell and sell short,MRNA,240,https://www.reddit.com/r/wallstreetbets/comments/1d16d3c/moderna_mrna_is_overvalued_and_the_current/,"Bearish on Moderna, suggests other companies will shoulder vaccine.",
5/30/24,MRNA in talks with US on vaccine deal - Doesn't matter,MRNA,9,https://www.reddit.com/r/wallstreetbets/comments/1d41l0j/mrna_in_talks_with_us_on_vaccine_deal_doesnt/,"""I JESUS CHRIST AM A PEDOPHILE"" shitting on Moderna",
6/8/24,Mowi ASA: Salmon farming as a bird flu hedge,MOWI ASA,17,https://www.reddit.com/r/wallstreetbets/comments/1db19my/mowi_asa_salmon_farming_as_a_bird_flu_hedge/,Quickly debunked theory that salmon farming is the best hedge against birdflu,
6/10/24,CSL.AX will sign vaccine contract tomorrow,CSL.AX,24,https://www.reddit.com/r/wallstreetbets/comments/1dcjmw8/cslax_will_sign_vaccine_contract_tomorrow/,Bullish on vaccines,
6/12/24,Bird flu will be a banger for $DNA,DNA,12,https://www.reddit.com/r/wallstreetbets/comments/1delst8/bird_flu_will_be_a_banger_for_dna/,"In honor of pride month, H5N1 virus is jumping down people's throats.",
6/26/24,"Bird flu vaccination recommendation tomorrow? Livestream and Agenda: Advisory Committee on Immunization Practices (ACIP) meeting, June 26-28","CSL.AX, MRNA, PFE, BNTX, CVAC",7,https://www.reddit.com/r/wallstreetbets/comments/1dp8afy/bird_flu_vaccination_recommendation_tomorrow/,Cites Yahoo story about stock jumpbs for vax makers,
6/29/24,"PFE, PYPL, NKE - Bull thesis",PFE,23,https://www.reddit.com/r/wallstreetbets/comments/1drl9ns/pfe_pypl_nke_bull_thesis/,PFE as a strong stock,
7/22/24,Moderna [MRNA]: A bullish near term 2024/25 case,MRNA,19,https://www.reddit.com/r/wallstreetbets/comments/1e9i6ih/moderna_mrna_a_bullish_near_term_202425_case/,Bullish on MRNA,
11/17/24,United States’ first known case of more severe strain of mpox confirmed in California | CNN,,1800,https://www.reddit.com/r/wallstreetbets/comments/1gtbmci/united_states_first_known_case_of_more_severe/,"""Is it time for calls on pharma companies?",
12/10/24,H5N1 Fears and UAL Puts,,6,https://www.reddit.com/r/wallstreetbets/comments/1hb8rt6/h5n1_fears_and_ual_puts/,Incorrect,Yea I'm going to judge the first news of human-to-human transmission and see how much people actually care. That would be crazy huge news for the disease and if nobody gives a shit then I'll probably close my positions.
12/27/24,"
🚨 H5N1 BIRD FLU + $21B PENSION DUMP + GAMMA CRACKS = VOLATILITY TSUNAMI 🚨","SMST, UVRX, LAKE, MRNA, PFE, SNY",266,https://www.reddit.com/r/wallstreetbets/comments/1hnng3k/h5n1_bird_flu_21b_pension_dump_gamma_cracks/,Good notes,
1/7/25,CureVac CVAC +23% - related to first bird flu death in the USA?,CVAC,13,https://www.reddit.com/r/wallstreetbets/comments/1hvlkre/curevac_cvac_23_related_to_first_bird_flu_death/,Bullish on Curevac due to birdflu,
1/15/25,Phase 3 vaccine for bird flu is near? ($MRNA),MRNA,27,https://www.reddit.com/r/wallstreetbets/comments/1i1sqzy/phase_3_vaccine_for_bird_flu_is_near_mrna/,Moderna vaccine investment with phase 3 trials,
1/17/25,HHS invests nearly $600 million in Moderna’s bird flu vaccine development,MRNA,476,https://www.reddit.com/r/wallstreetbets/comments/1i3sc91/hhs_invests_nearly_600_million_in_modernas_bird/,Simple link to CNN story about Moderna's vaccine award,
1/18/25,Moderna Is Getting $590 Million From the U.S. to Accelerate a Bird Flu Vaccine ($MRNA),MRNA,1400,https://www.reddit.com/r/wallstreetbets/comments/1i45qbv/moderna_is_getting_590_million_from_the_us_to/,References Barron's Story,
1/27/25,US reports first outbreak of H5N9 bird flu in poultry,Zoom,3900,https://www.reddit.com/r/wallstreetbets/comments/1ibbsch/us_reports_first_outbreak_of_h5n9_bird_flu_in/,A home grown pandemic…and we won’t know until the rest of the world knows. Calls on Zoom,
3/23/25,SPY to 420,SPY,423,https://www.reddit.com/r/wallstreetbets/comments/1ji8bie/spy_to_420/,"Convinced SPY will Drop, advocates hiding in Spy",
5/14/25,$NVAX Updated DD - Bird Flu Bet?,NVAX,38,https://www.reddit.com/r/wallstreetbets/comments/1crlej0/nvax_updated_dd_bird_flu_bet/,,